filename,label,mfcc_1_mean,mfcc_1_std,mfcc_2_mean,mfcc_2_std,mfcc_3_mean,mfcc_3_std,mfcc_4_mean,mfcc_4_std,mfcc_5_mean,mfcc_5_std,mfcc_6_mean,mfcc_6_std,mfcc_7_mean,mfcc_7_std,mfcc_8_mean,mfcc_8_std,mfcc_9_mean,mfcc_9_std,mfcc_10_mean,mfcc_10_std,mfcc_11_mean,mfcc_11_std,mfcc_12_mean,mfcc_12_std,mfcc_13_mean,mfcc_13_std,mfcc_14_mean,mfcc_14_std,mfcc_15_mean,mfcc_15_std,mfcc_16_mean,mfcc_16_std,mfcc_17_mean,mfcc_17_std,mfcc_18_mean,mfcc_18_std,mfcc_19_mean,mfcc_19_std,mfcc_20_mean,mfcc_20_std,scent_mean,scent_std,sband_mean,sband_std,rms_mean,rms_std
0_demo.wav,demo,-33.22695,20.58145,129.84058,11.021269,-18.036142,8.332064,25.647903,5.1309605,3.5336964,3.8150706,-6.892032,4.0298743,-19.518969,3.956432,12.815609,4.476075,-4.4076324,6.062567,4.8728156,4.7638497,0.0912849,4.9297714,7.277985,4.524045,-5.042505,5.795457,-2.9476295,3.4185266,-10.983705,3.9106784,-6.320532,3.165845,-10.053943,3.827141,1.8100529,3.2335958,-4.2285666,2.7086606,1.856535,3.2113419,1247.7048774296159,115.23667997913931,1420.5854764833161,125.41664379053309,0.20384847,0.06062308
